City_ID,City,Lat,Lng,Max Temp,Humidity,Cloudiness,Wind Speed,Country,Date
0,ranchettes,41.2186,-104.7903,275.96,72,100,2.06,US,1706070038
1,lompoc,34.6391,-120.4579,287.05,86,0,4.92,US,1706070016
2,bredasdorp,-34.5322,20.0403,291.12,85,22,5.84,ZA,1706070038
3,wailua homesteads,22.0669,-159.378,298.39,78,75,8.23,US,1706070038
4,lame,10.4415,9.2396,289.29,17,6,0.6,NG,1706070039
5,puerto natales,-51.7236,-72.4875,281.21,69,100,2.35,CL,1706070039
6,balnearia,-31.0088,-62.6673,292.27,61,0,3.43,AR,1706070039
7,yanchep,-31.55,115.6833,304.27,44,1,7.82,AU,1706070039
8,hithadhoo,-0.6,73.0833,301.82,75,77,5.55,MV,1706070039
9,isafjordur,66.0755,-23.124,273.46,90,100,5.17,IS,1706070039
10,hawaiian paradise park,19.5933,-154.9731,297.88,82,0,4.12,US,1706070039
11,opuwo,-18.0607,13.84,296.22,45,100,2.21,NA,1706070040
12,kununurra,-15.7667,128.7333,306.14,62,40,3.09,AU,1706070040
13,machico,32.7,-16.7667,293.22,69,20,3.09,PT,1706070040
14,acarau,-2.8856,-40.12,299.16,82,12,3.95,BR,1706070040
15,prineville,44.2999,-120.8345,277.8,81,0,0.89,US,1706070040
16,greymouth,-42.4667,171.2,288.39,53,24,4.39,NZ,1706070040
17,tazacorte,28.629,-17.9293,292.12,50,0,3.09,ES,1706070040
18,port-aux-francais,-49.35,70.2167,281.58,99,100,11.29,TF,1706070041
19,olonkinbyen,70.9221,-8.7187,270.96,69,99,1.71,SJ,1706070041
20,tame,6.461,-71.73,299.07,44,23,2.22,CO,1706070041
21,albany,42.6001,-73.9662,273.51,89,100,1.2,US,1706069933
22,iqaluit,63.7506,-68.5145,242.0,62,20,5.14,CA,1706070041
23,achinsk,56.2694,90.4993,255.21,83,100,2.23,RU,1706070041
24,blackmans bay,-43.0167,147.3167,297.33,52,29,4.86,AU,1706070041
25,olinda,-8.0089,-34.8553,300.0,83,20,2.06,BR,1706070041
26,chernyshevskiy,63.0128,112.4714,256.96,93,52,3.47,RU,1706070042
27,luderitz,-26.6481,15.1594,294.59,53,96,3.47,NA,1706070042
28,ushuaia,-54.8,-68.3,280.96,66,20,11.32,AR,1706070042
29,waitangi,-43.9535,-176.5597,289.72,72,49,6.67,NZ,1706070042
30,adamstown,-25.066,-130.1015,297.62,73,87,1.43,PN,1706070042
31,jamestown,42.097,-79.2353,277.92,100,100,3.09,US,1706069768
32,saint-pierre,-21.3393,55.4781,299.97,100,75,6.69,RE,1706070043
33,peterhead,57.5058,-1.7981,282.37,70,74,14.09,GB,1706070043
34,ketchikan,55.3422,-131.6461,279.41,87,100,4.63,US,1706070043
35,el calafate,-50.3408,-72.2768,284.17,69,75,3.53,AR,1706070043
36,forster,-32.1667,152.5167,300.53,65,1,7.76,AU,1706070043
37,bilibino,68.0546,166.4372,234.91,98,43,1.54,RU,1706070043
38,iskateley,67.6803,53.1512,267.05,95,100,4.92,RU,1706070043
39,grytviken,-54.2811,-36.5092,273.98,79,45,4.91,GS,1706070043
40,la passe,45.5549,-0.8967,286.28,93,100,5.68,FR,1706070044
41,necochea,-38.5473,-58.7368,293.98,41,0,7.41,AR,1706070044
42,arkhangel'sk,64.5401,40.5433,275.21,93,100,5.0,RU,1706070044
43,keflavik,64.0049,-22.5624,275.1,93,75,10.8,IS,1706070044
44,fort st. john,56.2499,-120.8529,256.09,78,75,2.06,CA,1706070044
45,flying fish cove,-10.4217,105.6791,302.97,70,100,3.6,CX,1706070044
46,saint-philippe,-21.3585,55.7679,299.92,92,100,5.16,RE,1706070045
47,illizi,26.4833,8.4667,278.04,53,0,2.11,DZ,1706070045
48,taroa,8.7058,171.2275,300.24,80,90,9.47,MH,1706070045
49,port elizabeth,-33.918,25.5701,290.98,90,0,3.6,ZA,1706070045
50,bethel,41.3712,-73.414,275.35,83,100,0.0,US,1706070045
51,hamilton,39.1834,-84.5333,280.86,96,100,1.54,US,1706069930
52,zheleznodorozhnyy,55.7503,38.0042,270.57,95,100,4.02,RU,1706070045
53,chonchi,-42.6128,-73.8092,286.1,94,4,0.93,CL,1706070045
54,kajuru,10.3192,7.6892,289.35,17,23,2.7,NG,1706070046
55,talnakh,69.4865,88.3972,253.82,98,100,2.9,RU,1706070046
56,covington,39.0837,-84.5086,281.13,96,100,1.54,US,1706070046
57,saint-francois,46.4154,3.9054,285.18,77,100,2.06,FR,1706070046
58,aitape,-3.1374,142.3475,301.14,79,100,3.01,PG,1706070046
59,taoudenni,22.6783,-3.9836,288.27,36,75,10.31,ML,1706070046
60,college,64.8569,-147.8028,240.62,61,75,0.0,US,1706070046
61,almodovar del campo,38.7094,-4.1791,278.42,78,0,1.49,ES,1706070046
62,ta`u,-14.2336,-169.5144,302.13,77,96,5.2,AS,1706070047
63,recco,44.3623,9.1435,284.15,89,69,1.6,IT,1706070047
64,imam qasim,32.298,44.6828,286.18,54,12,4.19,IQ,1706070047
65,al ghayzah,16.2079,52.176,293.72,45,7,2.05,YE,1706070047
66,simplicio mendes,-7.8539,-41.9103,296.38,89,91,1.14,BR,1706070047
67,yellowknife,62.456,-114.3525,238.46,66,18,2.24,CA,1706070047
68,edinburgh of the seven seas,-37.0676,-12.3116,292.06,96,97,7.75,SH,1706070047
69,troitskoye,52.9821,84.6757,257.71,96,99,2.2,RU,1706070047
70,margaret river,-33.95,115.0667,294.98,59,32,6.71,AU,1706070048
71,biloela,-24.4167,150.5,309.53,29,61,6.92,AU,1706070048
72,jose panganiban,14.2906,122.6917,297.9,91,84,7.03,PH,1706070048
73,vernon,50.2581,-119.2691,278.87,93,99,0.51,CA,1706070048
74,hillvue,-31.1244,150.915,307.1,38,2,2.06,AU,1706070048
75,prince rupert,54.3161,-130.3201,279.98,87,100,10.29,CA,1706070048
76,vilyuchinsk,52.9306,158.4028,269.3,95,100,0.89,RU,1706070048
77,sao joao da barra,-21.6403,-41.0511,294.46,97,100,6.96,BR,1706070048
78,juneau,58.3019,-134.4197,274.32,100,100,0.0,US,1706070049
79,firuzabad,28.8438,52.5707,285.08,39,15,1.57,IR,1706070049
80,borkum,53.5809,6.6915,284.78,80,98,17.67,DE,1706070049
81,al muwayh,22.4333,41.7583,290.44,80,0,1.69,SA,1706070049
82,maloye ganyushkino,46.6,49.2667,262.35,87,8,2.65,KZ,1706070049
83,punta arenas,-53.15,-70.9167,282.21,57,75,7.72,CL,1706069967
84,papatowai,-46.5619,169.4708,284.93,75,93,6.02,NZ,1706070049
85,gizo,-8.103,156.8419,303.57,74,88,5.76,SB,1706070049
86,oroquieta,8.4858,123.8044,301.35,69,71,3.23,PH,1706070050
87,auki,-8.7676,160.7034,302.76,79,100,1.87,SB,1706070050
88,vilhena,-12.7406,-60.1458,294.64,98,66,0.96,BR,1706069962
89,avarua,-21.2078,-159.775,300.18,74,100,5.14,CK,1706070050
90,cabo san lucas,22.8909,-109.9124,295.1,72,100,1.79,MX,1706069989
91,reggane,26.7158,0.1714,284.79,43,0,7.35,DZ,1706070050
92,quartu sant'elena,39.2419,9.1839,283.17,81,0,3.09,IT,1706070046
93,hobyo,5.3505,48.5268,299.01,78,13,8.47,SO,1706070050
94,shahpur chakar,26.155,68.6509,282.16,17,0,1.68,PK,1706069752
95,seminole,28.7086,-81.2081,293.94,85,0,3.6,US,1706070051
96,fale old settlement,-9.3852,-171.2468,302.93,68,90,3.48,TK,1706070051
97,vadso,70.0744,29.7487,273.24,80,100,3.09,NO,1706070051
98,whitehorse,60.7161,-135.0538,255.43,80,100,2.06,CA,1706070051
99,tortoli,39.9256,9.6572,284.05,71,0,3.6,IT,1706070051
100,khandyga,62.6667,135.6,250.58,96,100,2.38,RU,1706070051
101,kodiak,57.79,-152.4072,270.88,50,0,2.57,US,1706070051
102,ribeira grande,38.5167,-28.7,289.69,96,100,4.47,PT,1706070051
103,aasiaat,68.7098,-52.8699,259.2,90,98,3.16,GL,1706070052
104,lerwick,60.1545,-1.1494,281.15,88,100,11.41,GB,1706070052
105,klyuchi,52.2667,79.1667,261.51,80,96,4.52,RU,1706070052
106,barreirinhas,-2.7469,-42.8264,299.43,81,88,3.74,BR,1706069805
107,altamont,42.2068,-121.7372,278.03,86,0,2.06,US,1706070052
108,boyalik,41.2634,28.6314,279.14,74,100,6.66,TR,1706070052
109,tsiombe,-25.3,45.4833,296.25,83,58,4.34,MG,1706070052
110,west island,-12.1568,96.8225,300.14,83,100,5.66,CC,1706070052
111,beloyarskiy,63.7119,66.6722,264.82,95,100,4.02,RU,1706070052
112,st. john's,47.5649,-52.7093,261.92,68,40,13.89,CA,1706070026
113,karratha,-20.7377,116.8463,307.21,52,100,2.76,AU,1706070053
114,fortaleza,-3.7227,-38.5247,301.6,78,40,2.57,BR,1706070000
115,tonghae,37.5439,129.1069,268.62,46,0,2.68,KR,1706070053
116,tiksi,71.6872,128.8694,250.05,98,100,2.14,RU,1706070053
117,lagoa,39.05,-27.9833,289.8,84,100,6.36,PT,1706070053
118,ullal,12.8,74.85,298.68,73,6,2.06,IN,1706070053
119,kisangani,0.5167,25.2,298.12,57,100,1.01,CD,1706070053
120,kankauli,16.2667,73.7,299.33,31,66,1.07,IN,1706070053
121,krasnopavlivka,49.1372,36.3272,267.16,77,100,3.7,UA,1706070054
122,buala,-8.145,159.5921,303.57,71,95,2.33,SB,1706070054
123,walvis bay,-22.9575,14.5053,292.09,94,100,1.54,NA,1706070054
124,hengchun,22.0042,120.7439,290.46,66,100,9.26,TW,1706070054
125,ulladulla,-35.35,150.4667,305.5,40,97,2.29,AU,1706070054
126,zhangye,38.9342,100.4517,263.4,40,2,0.58,CN,1706070054
127,tash-kumyr,41.3461,72.2171,277.0,38,100,3.19,KG,1706070054
128,san mariano,7.5,126.0,301.35,70,60,3.66,PH,1706070054
129,invercargill,-46.4,168.35,284.83,86,88,5.36,NZ,1706070055
130,saipan,15.1355,145.701,302.54,65,40,8.23,MP,1706070055
131,kiunga,-6.1219,141.2906,304.29,58,100,2.05,PG,1706070055
132,am timan,11.0297,20.2827,294.47,15,0,2.27,TD,1706070055
133,chibougamau,49.9168,-74.3659,244.94,69,0,1.03,CA,1706070055
134,beli,7.8587,10.9719,293.82,16,1,1.16,NG,1706070055
135,sarbogard,46.8869,18.6204,273.98,89,33,3.29,HU,1706070055
136,thompson,55.7435,-97.8558,261.24,85,100,3.09,CA,1706070056
137,port mathurin,-19.6833,63.4167,301.16,83,99,9.55,MU,1706070056
138,praia da vitoria,38.7333,-27.0667,290.29,88,40,8.62,PT,1706070056
139,dudinka,69.4058,86.1778,254.05,98,100,4.34,RU,1706070056
140,christchurch,-43.5333,172.6333,291.45,53,39,7.2,NZ,1706070056
141,qaqortoq,60.7167,-46.0333,254.79,86,44,3.17,GL,1706070056
142,wynyard,-41.0,145.7167,298.44,40,35,6.63,AU,1706070056
143,magadan,59.5667,150.8,248.44,83,3,1.06,RU,1706070057
144,atafu village,-8.5421,-172.5159,302.86,74,87,3.43,TK,1706070057
145,merizo village,13.2658,144.6691,302.46,69,100,6.92,GU,1706070057
146,carnarvon,-24.8667,113.6333,300.72,51,41,9.77,AU,1706070057
147,nar'yan-mar,67.6713,53.087,267.1,95,100,4.92,RU,1706070057
148,new norfolk,-42.7826,147.0587,297.99,35,21,3.14,AU,1706070057
149,castillos,-34.1667,-53.8333,290.67,77,0,2.86,UY,1706070057
150,kristiansund,63.1115,7.732,279.18,70,75,3.09,NO,1706070057
151,vila franca do campo,37.7167,-25.4333,291.42,99,100,5.18,PT,1706070058
152,urangan,-25.3,152.9,303.82,64,79,4.02,AU,1706070058
153,leava,-14.3,-178.1667,302.75,68,80,0.92,WF,1706070058
154,sitka,57.0531,-135.33,281.09,66,100,4.63,US,1706070058
155,la ronge,55.1001,-105.2842,263.29,85,100,0.0,CA,1706070058
156,kyaikkami,16.08,97.5675,300.15,52,33,2.39,MM,1706070058
157,constitucion,-35.3333,-72.4167,286.59,88,36,2.87,CL,1706070058
158,east london,-33.0153,27.9116,291.67,88,75,2.06,ZA,1706070058
159,anadyr,64.75,177.4833,245.43,68,0,2.0,RU,1706070058
160,longyearbyen,78.2186,15.6401,272.06,64,75,6.17,SJ,1706070059
161,ilulissat,69.2167,-51.1,257.16,66,40,3.6,GL,1706070059
162,long beach,33.767,-118.1892,290.34,78,0,3.6,US,1706069940
163,oamaru,-45.0784,170.9801,290.58,60,100,5.04,NZ,1706070059
164,kismayo,-0.3582,42.5454,299.71,87,32,5.93,SO,1706070059
165,port lincoln,-34.7333,135.8667,296.62,60,99,4.59,AU,1706070059
166,uturoa,-16.7333,-151.4333,301.16,76,82,4.21,PF,1706070059
167,pacasmayo,-7.4006,-79.5714,297.16,82,54,5.12,PE,1706070059
168,al wajh,26.2455,36.4525,288.12,63,20,2.06,SA,1706070060
169,crane,31.3974,-102.3501,284.62,79,62,2.89,US,1706070060
170,san francisco,37.7749,-122.4194,285.94,90,75,3.09,US,1706070060
171,badger,64.8,-147.5333,240.57,69,40,0.0,US,1706070060
172,saldanha,-33.0117,17.9442,290.18,86,0,3.11,ZA,1706070060
173,casablanca,33.5928,-7.6192,283.16,68,0,1.19,MA,1706069993
174,lethem,3.3803,-59.7968,300.44,51,6,5.32,GY,1706070060
175,alofi,-19.0595,-169.9187,301.09,78,83,5.66,NU,1706070060
176,colonia,50.9333,6.95,287.57,76,100,8.23,DE,1706070053
177,zalingei,12.9096,23.4741,290.98,14,20,2.22,SD,1706069843
178,kayyerkan,69.3786,87.7439,253.87,84,100,3.98,RU,1706070061
179,salym,60.0625,71.4789,259.21,79,91,4.69,RU,1706070061
180,papao,-17.75,-149.55,301.97,78,100,5.96,PF,1706070061
181,queenstown,-31.8976,26.8753,285.81,91,14,0.34,ZA,1706070061
182,alice springs,-23.7,133.8833,313.9,21,75,3.09,AU,1706070061
183,ust-nera,64.5667,143.2,240.82,98,100,3.11,RU,1706070061
184,selfoss,63.9331,-20.9971,271.51,86,100,2.91,IS,1706070062
185,bayanhongor,46.7167,100.1167,252.99,75,1,0.55,MN,1706070062
186,puerto ayora,-0.7393,-90.3518,299.01,97,50,1.79,EC,1706070062
187,north side,19.35,-81.2,297.62,95,31,7.7,KY,1706070062
188,galveston,29.3669,-94.9669,293.75,93,100,5.14,US,1706070062
189,corinto,37.9407,22.9573,280.87,74,2,2.52,GR,1706070063
190,ambalangoda,6.2355,80.0538,300.29,73,68,2.13,LK,1706070063
191,stanley,54.868,-1.6985,282.33,81,40,15.95,GB,1706070063
192,rudnichnyy,59.617,52.4703,263.95,94,100,4.19,RU,1706070063
193,ancud,-41.8697,-73.8203,285.1,87,0,0.96,CL,1706070063
194,harstad,68.799,16.5293,271.83,90,55,1.34,NO,1706070063
195,den burg,53.0542,4.7972,283.69,81,75,12.35,NL,1706070063
196,ashburton,-37.8626,145.0794,303.36,55,58,0.89,AU,1706070064
197,neiafu,-18.65,-173.9833,302.53,84,75,2.57,TO,1706070064
198,palu,-0.8917,119.8707,297.5,98,100,0.75,ID,1706070042
199,kailua-kona,19.6406,-155.9956,299.13,85,75,2.57,US,1706069769
200,kharp,66.8014,65.8081,258.48,96,100,0.65,RU,1706070064
201,ladario,-19.0047,-57.6017,299.31,62,46,0.95,BR,1706070064
202,vuktyl,63.8567,57.3094,264.88,93,100,6.26,RU,1706070065
203,sernancelhe,40.921,-7.5123,282.76,93,0,1.22,PT,1706070065
204,montego bay,18.4712,-77.9188,298.04,73,20,1.54,JM,1706070065
205,mata-utu,-13.2816,-176.1745,302.62,70,100,1.14,WF,1706070065
206,port blair,11.6667,92.75,301.17,69,40,4.12,IN,1706070065
207,vorgashor,67.5833,63.95,262.83,96,100,3.44,RU,1706070066
208,goure,13.9835,10.2704,289.32,29,30,5.63,NE,1706070066
209,margate,51.3813,1.3862,285.2,68,100,4.47,GB,1706069936
210,katsuren-haebaru,26.3369,127.8719,288.58,64,100,7.72,JP,1706070066
211,borba,-4.3878,-59.5939,297.55,98,100,1.08,BR,1706070066
212,aripuana,-9.1667,-60.6333,296.4,99,100,0.93,BR,1706070066
213,constantia,44.1833,28.65,266.53,81,82,5.34,RO,1706070066
214,fonte boa,-2.4959,-66.2662,297.61,97,99,0.99,BR,1706070066
215,picota,-6.9197,-76.3304,295.65,96,93,0.29,PE,1706070067
216,kshenskiy,51.8408,37.7136,268.35,89,100,6.69,RU,1706070067
217,afaahiti,-17.75,-149.2833,301.08,81,100,4.81,PF,1706070067
218,nova sintra,14.8667,-24.7167,295.36,68,6,4.32,CV,1706070067
219,berdigestyakh,62.0989,126.6992,263.63,94,100,3.72,RU,1706070067
220,laguna,38.421,-121.4238,286.14,89,0,2.57,US,1706070067
221,howard springs,-12.497,131.047,299.1,96,100,2.0,AU,1706070067
222,east ballina,-28.8667,153.5833,301.93,56,5,3.92,AU,1706070067
223,dimbokro,6.6451,-4.7048,296.22,92,6,1.31,CI,1706070068
224,nova olimpia,-14.7972,-57.2881,296.77,95,100,0.8,BR,1706070068
225,namibe,-15.1961,12.1522,294.94,81,35,3.25,AO,1706070068
226,otjimbingwe,-22.35,16.1333,299.08,38,100,1.3,NA,1706070068
227,nueva gerona,21.8833,-82.8,298.52,79,100,6.41,CU,1706070068
228,akureyri,65.6835,-18.0878,264.11,86,0,1.54,IS,1706070068
229,georgetown,5.4112,100.3354,304.79,71,40,1.54,MY,1706070068
230,abashiri,44.0213,144.2697,270.31,74,75,2.57,JP,1706070069
231,salmas,38.1973,44.7653,267.89,94,100,2.43,IR,1706070069
232,murudeshwara,14.0943,74.4845,298.09,56,9,0.7,IN,1706070069
233,lillehammer,61.1146,10.4674,271.9,98,100,1.97,NO,1706070069
234,ormara,25.2088,64.6357,295.33,25,0,2.63,PK,1706070070
235,veracruz,19.3333,-96.6667,292.67,91,3,1.34,MX,1706070000
236,port alfred,-33.5906,26.891,291.58,86,9,0.89,ZA,1706070070
237,san luis de la loma,17.2706,-100.8939,297.94,76,4,2.24,MX,1706070070
238,hotan,37.0997,79.9269,268.91,40,15,1.39,CN,1706070070
239,kangding,30.0513,101.9603,276.54,49,37,1.04,CN,1706070071
240,kapuskasing,49.4169,-82.4331,262.2,79,100,4.12,CA,1706070071
241,nichinan,31.6,131.3667,279.97,54,56,7.8,JP,1706070071
242,remire-montjoly,4.9167,-52.2667,298.17,94,75,2.06,GF,1706070071
243,stephenville,32.2207,-98.2023,282.46,97,100,0.45,US,1706070072
244,sisimiut,66.9395,-53.6735,259.29,93,100,3.16,GL,1706070072
245,miandrivazo,-19.5167,45.4667,299.88,84,87,1.12,MG,1706070072
246,agios nikolaos,35.1914,25.7133,286.35,60,78,6.41,GR,1706070072
247,buzau,45.15,26.8333,271.41,73,26,0.49,RO,1706070072
248,coronel marcelino mariduena,-2.2,-79.4167,298.62,91,86,0.96,EC,1706070072
249,lebu,-37.6167,-73.65,287.47,81,0,7.27,CL,1706070073
250,mpika,-11.8343,31.4529,289.43,99,96,1.83,ZM,1706070073
251,guerrero negro,27.9769,-114.0611,289.44,78,0,6.82,MX,1706070073
252,udachny,66.4167,112.4,249.66,93,44,4.69,RU,1706070073
253,petropavlovsk-kamchatsky,53.0452,158.6483,268.48,85,75,3.0,RU,1706070073
254,kutum,14.2,24.6667,286.6,28,12,3.82,SD,1706070074
255,bardai,11.65,7.2333,289.1,17,27,4.26,NG,1706070074
256,agapovka,53.2973,59.1348,255.89,99,98,1.08,RU,1706070074
257,morant bay,17.8815,-76.4093,298.94,80,3,7.37,JM,1706070075
258,mamfe,5.754,9.3123,295.72,76,0,0.28,CM,1706070075
259,al markaz,25.4,49.7333,287.48,35,2,5.33,SA,1706070075
260,san antonio de pale,-1.4014,5.6325,300.55,80,1,3.6,GQ,1706070075
261,ephrata,40.1798,-76.1788,277.06,76,100,1.54,US,1706070075
262,homer,59.6425,-151.5483,268.08,55,0,3.6,US,1706069898
263,weno,7.4515,151.8468,303.12,79,100,3.6,FM,1706070076
264,maturin,9.75,-63.1767,296.06,100,6,1.54,VE,1706070076
265,luganville,-15.5333,167.1667,302.49,76,100,2.58,VU,1706070076
266,mar del plata,-38.0023,-57.5575,293.68,84,0,5.81,AR,1706069822
267,taradale,-39.5333,176.85,294.27,52,54,3.13,NZ,1706070076
268,hasaki,35.7333,140.8333,282.2,29,53,10.88,JP,1706069796
269,hermanus,-34.4187,19.2345,291.37,85,23,6.01,ZA,1706070077
270,kampene,-3.6,26.6667,293.55,98,98,0.57,CD,1706070077
271,visby,57.6409,18.296,276.27,93,100,8.23,SE,1706070077
272,uporovo,56.3109,66.2693,253.13,97,11,2.48,RU,1706070078
273,morehead city,34.7229,-76.726,288.15,84,100,0.89,US,1706070053
274,kitui,-1.367,38.0106,290.79,69,98,1.24,KE,1706070078
275,nakamura,32.9833,132.9333,275.53,83,100,6.26,JP,1706070078
276,korla,41.7597,86.1469,266.74,53,6,0.54,CN,1706070079
277,qarazhal,48.0078,70.7903,265.64,92,100,4.7,KZ,1706070080
278,polyarnyy,69.1989,33.4478,267.29,94,100,3.42,RU,1706070080
279,huntsville,34.7304,-86.5861,286.12,88,84,9.83,US,1706069870
280,santo amaro da imperatriz,-27.6881,-48.7786,295.05,98,93,1.23,BR,1706070081
281,arys,42.4252,68.795,277.3,62,100,1.45,KZ,1706070081
282,nemuro,43.3236,145.575,272.99,69,89,6.08,JP,1706070083
283,kuching,1.55,110.3333,303.27,78,40,3.09,MY,1706070083
284,galliano,29.4422,-90.2992,292.04,98,69,4.07,US,1706070083
285,arica,-18.475,-70.3042,294.28,83,0,2.06,CL,1706069972
286,utrik,11.2278,169.8474,299.13,74,78,8.36,MH,1706070084
287,hortolandia,-22.8583,-47.22,292.7,94,0,4.12,BR,1706070084
288,amahai,-3.3333,128.9167,303.62,66,97,1.19,ID,1706070085
289,ed damer,17.5928,33.9592,292.19,30,4,7.06,SD,1706070085
290,zyrya,40.3661,50.2917,274.2,70,100,9.87,AZ,1706070086
291,malango,-2.9627,119.9001,298.17,80,100,0.61,ID,1706070087
292,jakar,27.5492,90.7525,278.17,46,10,2.07,BT,1706070087
293,kone,-21.0595,164.8658,301.32,80,100,2.64,NC,1706070087
294,minas de marcona,-15.2119,-75.1103,292.65,81,98,3.16,PE,1706070088
295,launceston,-41.45,147.1667,300.95,41,37,8.23,AU,1706070088
296,valparaiso,-33.0393,-71.6273,286.95,94,20,0.0,CL,1706070017
297,baardheere,2.3446,42.2764,298.83,70,25,2.79,SO,1706070088
298,dara,15.3484,-15.4799,296.13,20,16,4.99,SN,1706070088
299,turochak,52.2576,87.1224,257.89,89,76,1.09,RU,1706070088
300,aykhal,66.0,111.5,248.14,97,11,3.85,RU,1706070089
301,grand baie,-20.0182,57.5802,301.18,90,95,2.68,MU,1706070060
302,trinidad,-14.8333,-64.9,294.55,91,89,1.52,BO,1706070089
303,heidenau,50.9722,13.8674,282.79,89,75,8.23,DE,1706070089
304,dzhetygara,52.1908,61.2006,255.47,95,97,2.64,KZ,1706070089
305,whakatane,-37.9585,176.9854,296.91,61,64,4.02,NZ,1706070089
306,khash,28.2211,61.2158,283.93,21,24,1.21,IR,1706070089
307,leua,48.2156,18.6071,273.02,93,44,1.17,SK,1706070091
308,mount pearl,47.5166,-52.7813,261.46,67,40,13.89,CA,1706069830
309,san patricio,28.017,-97.5169,295.07,98,100,2.7,US,1706070091
310,farmington,36.7281,-108.2187,278.53,90,100,1.54,US,1706070091
311,salahonda,2.1019,-78.7217,300.29,88,60,3.82,CO,1706070092
312,brookings,44.3114,-96.7984,271.18,97,100,4.12,US,1706070093
313,kidal,18.4411,1.4078,290.81,30,41,9.1,ML,1706070093
314,gaalkacyo,6.7697,47.4308,293.58,67,1,3.72,SO,1706070094
315,lagoa santa,-19.6272,-43.8897,294.38,94,75,1.03,BR,1706070095
316,sandnessjoen,66.0217,12.6316,271.44,80,100,9.15,NO,1706070095
317,center,31.5107,-96.4247,285.26,84,100,0.61,US,1706069839
318,lamarque,-39.423,-65.7021,301.26,21,0,12.64,AR,1706070095
319,touros,-5.1989,-35.4608,299.64,81,31,3.07,BR,1706070095
320,at taj,24.2049,23.2857,281.59,62,82,2.99,LY,1706070095
321,boden,65.8252,21.6886,262.15,97,20,1.54,SE,1706070096
322,slawno,54.3628,16.6789,277.84,90,100,10.56,PL,1706070096
323,saint-joseph,-21.3667,55.6167,299.36,93,99,4.17,RE,1706070096
324,murzuq,25.9155,13.9184,281.35,69,0,3.96,LY,1706070097
325,puerto san jose,13.9256,-90.8244,298.86,76,1,2.42,GT,1706070097
326,kinablangan,7.6947,126.5503,300.1,82,81,5.01,PH,1706070097
327,san juan del cesar,10.7711,-73.0031,301.68,82,9,3.66,CO,1706070097
328,oranjemund,-28.55,16.4333,292.08,70,26,2.73,NA,1706070098
329,wuwei,37.9281,102.6414,262.79,55,1,1.22,CN,1706070098
330,thinadhoo,0.5333,72.9333,301.23,76,52,5.46,MV,1706070098
331,jabat,7.75,168.9751,300.46,80,88,9.97,MH,1706070098
332,idri,27.5,13.2667,280.83,59,0,4.35,LY,1706070098
333,yamada,39.4667,141.95,275.48,60,63,12.42,JP,1706070098
334,gornozavodsk,58.3758,58.3211,258.06,87,100,3.13,RU,1706070099
335,zehdenick,52.9785,13.3317,281.36,91,100,9.79,DE,1706070099
336,alvaraes,-3.2208,-64.8042,296.9,96,92,1.16,BR,1706070099
337,uacu cungo,-11.3634,15.1208,289.87,98,88,0.76,AO,1706070099
338,baghdad,33.3406,44.4009,282.1,76,0,2.06,IQ,1706069985
339,taltal,-25.4,-70.4833,293.55,82,12,1.51,CL,1706070099
340,shahrak,34.1074,64.3052,275.1,33,98,1.4,AF,1706070100
341,tazovsky,67.4667,78.7,256.86,96,100,5.2,RU,1706070100
342,staryye ozinki,51.1786,49.6769,253.71,86,84,1.36,RU,1706070100
343,piacabucu,-10.4056,-36.4344,299.81,80,99,4.87,BR,1706070100
344,kingscliff,-28.2667,153.5667,302.44,57,100,6.17,AU,1706070101
345,waycross,31.2136,-82.354,288.65,95,100,2.87,US,1706070101
346,figuig (centre),32.1089,-1.2286,282.38,22,0,1.87,MA,1706070101
347,egilsstadir,65.2653,-14.3948,270.1,80,75,1.54,IS,1706070101
348,tolanaro,-25.0319,46.9987,296.19,88,75,0.0,MG,1706070101
349,sao martinho,39.5144,-9.1311,288.4,75,0,1.8,PT,1706070101
350,fort bragg,35.139,-79.006,283.4,85,100,0.0,US,1706070102
351,nelson bay,-32.7167,152.15,305.18,67,4,10.73,AU,1706070102
352,coquimbo,-29.9533,-71.3436,290.0,88,100,2.06,CL,1706070102
353,plettenberg bay,-34.0527,23.3716,291.35,79,0,2.08,ZA,1706070102
354,okhotsk,59.3833,143.3,246.47,79,14,3.87,RU,1706070102
355,codrington,-38.2667,141.9667,295.17,55,2,5.71,AU,1706070102
356,likiep,9.8251,169.3107,299.57,77,86,9.73,MH,1706070102
357,lorengau,-2.0226,147.2712,300.08,83,100,6.02,PG,1706070103
358,krasnyy chikoy,50.3643,108.7512,258.81,84,33,0.64,RU,1706070103
359,tidjikja,18.5564,-11.4271,290.61,26,100,10.22,MR,1706070103
360,callao,-12.0667,-77.15,299.1,78,0,4.63,PE,1706070103
361,akdepe,42.0551,59.3788,272.2,98,100,2.77,TM,1706070103
362,tulun,54.5611,100.5792,257.42,83,42,1.25,RU,1706070103
363,skovorodino,53.9833,123.9167,260.34,79,28,1.3,RU,1706070103
364,cidreira,-30.1811,-50.2056,295.05,63,99,7.08,BR,1706070103
365,nuuk,64.1835,-51.7216,260.82,87,100,1.3,GL,1706070104
366,talcahuano,-36.7167,-73.1167,285.97,100,75,1.54,CL,1706070104
367,antsiranana,-12.2787,49.2917,299.57,94,75,6.17,MG,1706070104
368,muncar,-8.4333,114.3333,306.09,54,95,4.52,ID,1706070104
369,santiago de chuco,-8.15,-78.1833,286.6,85,91,1.36,PE,1706070104
370,nguekhokh,14.5128,-17.005,296.64,18,75,6.17,SN,1706070104
371,gao,16.6362,1.637,290.84,27,16,8.67,ML,1706070104
372,pacific grove,36.6177,-121.9166,285.61,88,20,0.0,US,1706070104
373,porbandar,21.6422,69.6093,293.14,77,11,0.0,IN,1706069926
374,rabaul,-4.1967,152.1721,298.82,89,100,5.03,PG,1706070105
375,alaghsas,17.0187,8.0168,291.45,30,29,9.48,NE,1706070105
376,pointe-noire,-4.7761,11.8635,299.19,89,75,1.54,CG,1706070105
377,moose jaw,50.4001,-105.5344,270.29,80,10,6.17,CA,1706070105
378,zuru,11.4241,5.2288,292.84,14,11,4.04,NG,1706069838
379,pangkalpinang,-2.1333,106.1333,303.39,65,100,2.73,ID,1706070106
380,charters towers,-20.1,146.2667,309.74,29,100,6.94,AU,1706070106
381,antofagasta,-23.65,-70.4,293.75,81,46,1.78,CL,1706070106
382,miranpur katra,28.0333,79.65,286.4,33,1,0.99,IN,1706070106
383,daru,-9.0763,143.2092,300.54,80,100,3.16,PG,1706070106
384,cockburn town,21.4612,-71.1419,298.22,82,24,12.33,TC,1706070107
385,kapa'a,22.0752,-159.319,299.14,77,75,8.23,US,1706070107
386,comodoro rivadavia,-45.8667,-67.5,297.07,35,0,9.26,AR,1706070107
387,broken hill,-31.95,141.4333,313.69,9,18,3.09,AU,1706070107
388,isangel,-19.55,169.2667,300.21,94,100,0.0,VU,1706070107
389,mesquite,32.7668,-96.5992,283.47,97,100,0.89,US,1706070107
390,enewetak,11.3474,162.3373,299.7,69,72,7.9,MH,1706070108
391,bamboo flat,11.7,92.7167,301.2,69,40,4.12,IN,1706070108
392,lagunillas,10.1301,-71.2595,299.31,69,9,2.16,VE,1706070108
393,singkil,-7.9855,111.4161,303.39,68,89,2.71,ID,1706070108
394,bom jesus da lapa,-13.255,-43.4181,295.25,95,96,3.56,BR,1706070108
395,quinhamel,11.8833,-15.85,297.29,35,98,2.49,GW,1706070108
396,katsuura,35.1333,140.3,279.42,40,63,6.91,JP,1706070108
397,battambang,13.1027,103.1982,299.56,52,89,3.67,KH,1706070109
398,lazaro cardenas,17.9583,-102.2,297.05,80,0,1.72,MX,1706070109
399,weining,26.85,104.2333,270.34,89,100,1.96,CN,1706070109
400,nikolayevsk,50.0282,45.4595,252.74,96,5,1.65,RU,1706070109
401,dakhla,23.6848,-15.958,291.98,44,98,7.31,EH,1706070109
402,corner brook,48.9667,-57.9484,256.24,93,100,6.99,CA,1706070110
403,eyl,7.9803,49.8164,296.44,74,7,6.47,SO,1706070110
404,syktyvkar,61.6764,50.8099,266.0,85,100,4.02,RU,1706070110
405,boksitogorsk,59.474,33.8485,274.04,97,100,5.02,RU,1706070110
406,boca suno,-0.7167,-77.1333,295.87,85,22,1.21,EC,1706070110
407,dryden,49.7833,-92.7503,269.31,93,100,5.66,CA,1706070111
408,sao gabriel da cachoeira,-0.1303,-67.0892,297.86,84,56,0.81,BR,1706070111
409,fort mcmurray,56.7268,-111.381,262.92,79,100,3.09,CA,1706070111
410,peace river,56.2501,-117.286,260.32,85,100,2.06,CA,1706070038
411,al kharj,24.155,47.3346,290.47,37,2,4.44,SA,1706070111
412,semdinli,37.3051,44.5742,276.17,99,99,2.14,TR,1706070111
413,kavieng,-2.5744,150.7967,299.26,89,100,7.33,PG,1706070112
414,tanumah,27.1,44.1333,289.52,41,65,1.75,SA,1706070112
415,sorong,-0.8833,131.25,301.82,72,98,2.19,ID,1706070112
416,andalgala,-27.5819,-66.3165,292.0,64,6,1.63,AR,1706070043
417,tadine,-21.55,167.8833,300.74,70,100,4.47,NC,1706070112
418,estreito,-5.7833,-43.25,295.62,99,63,1.35,BR,1706070112
419,ludvika,60.1496,15.1878,273.04,97,100,4.22,SE,1706069930
420,shingu,33.7333,135.9833,277.21,52,58,7.89,JP,1706070112
421,alpine,32.835,-116.7664,285.14,92,75,1.34,US,1706070112
422,dwarka,22.2394,68.9678,295.26,57,1,4.43,IN,1706070113
423,khilok,51.3674,110.4676,260.46,68,5,1.11,RU,1706070113
424,tura,25.5198,90.2201,293.57,39,0,0.88,IN,1706070113
425,haldia,22.0605,88.1097,293.38,33,98,2.65,IN,1706070113
426,tommot,58.9564,126.2925,265.44,82,87,1.79,RU,1706070113
427,hardenberg,52.5758,6.6194,285.4,21,93,5.36,NL,1706070113
428,ishinomaki,38.4167,141.3,276.15,61,15,12.96,JP,1706070114
429,puerto lempira,15.2667,-83.7667,298.1,85,23,4.88,HN,1706070114
430,vila velha,-20.3297,-40.2925,297.12,95,100,2.68,BR,1706070114
431,geraldton,-28.7667,114.6,299.38,53,40,11.83,AU,1706070114
432,atbasar,51.8,68.3333,256.52,94,96,2.5,KZ,1706070114
433,ulsteinvik,62.3432,5.8487,279.65,89,99,5.75,NO,1706070114
434,chust,41.0094,71.2287,274.81,35,100,1.83,UZ,1706070114
435,vorkuta,67.5,64.0,263.1,96,100,3.37,RU,1706070115
436,ibeto,10.4854,5.145,294.42,15,2,2.73,NG,1706070115
437,porto cristo,39.5395,3.333,283.88,75,40,1.39,ES,1706070115
438,mlyniv,50.509,25.6168,275.46,98,100,5.02,UA,1706070115
439,kourou,5.1552,-52.6478,298.18,82,91,4.13,GF,1706070115
440,oxelosund,58.6706,17.1015,274.36,93,100,4.63,SE,1706070115
441,holualoa,19.6228,-155.9522,297.06,86,75,2.57,US,1706069914
442,cannonvale,-20.2833,148.7,302.81,68,81,10.93,AU,1706070116
443,susuman,62.7833,148.1667,232.03,98,86,1.34,RU,1706070116
444,satkania,22.0796,92.0572,294.49,36,50,1.97,BD,1706070116
445,zouerate,22.7187,-12.4521,288.82,23,100,9.44,MR,1706070116
446,lensk,60.7253,114.9278,262.7,90,100,5.46,RU,1706070116
447,parauapebas,-6.0675,-49.9022,296.72,98,98,0.95,BR,1706070116
448,wenchang,30.904,118.4887,275.29,28,21,1.99,CN,1706070116
449,peniche,39.3558,-9.3811,288.4,87,0,2.63,PT,1706070117
450,hami,42.8,93.45,264.03,46,0,0.61,CN,1706070117
451,ballina,-28.8667,153.5667,301.92,56,5,3.9,AU,1706070117
452,kingston,17.997,-76.7936,298.68,63,20,8.75,JM,1706069983
453,lihue,21.9789,-159.3672,298.73,77,75,8.23,US,1706069940
454,letterkenny,54.95,-7.7333,281.39,75,60,11.43,IE,1706070117
455,baiyin,36.5583,104.2081,262.55,39,26,0.46,CN,1706070117
456,kuantan,3.8077,103.326,300.21,89,40,2.06,MY,1706070118
457,male,4.1748,73.5089,304.12,70,20,5.14,MV,1706070118
458,ujae,8.9322,165.7642,300.13,78,100,9.5,MH,1706070118
459,tamanrasset,22.785,5.5228,284.1,37,0,7.2,DZ,1706070118
460,padang,-0.9492,100.3543,304.18,78,100,0.46,ID,1706070118
461,kohat,33.582,71.4493,277.19,29,0,0.51,PK,1706070118
462,dodoma,-6.1722,35.7395,291.25,97,100,0.84,TZ,1706070119
463,lata,40.1629,-8.3327,282.55,92,0,1.43,PT,1706070119
464,kirakira,-10.4544,161.9205,303.12,77,90,3.04,SB,1706070119
465,coahuayana de hidalgo,18.7,-103.6583,295.62,81,0,1.39,MX,1706070119
466,ust-tsilma,65.441,52.1498,268.49,89,97,4.02,RU,1706070119
467,arauco,-37.2463,-73.3175,288.63,69,0,2.64,CL,1706070119
468,arraial do cabo,-22.9661,-42.0278,293.49,94,100,2.66,BR,1706070119
469,rogozno,52.7523,16.9905,278.14,87,100,9.3,PL,1706070120
470,severo-yeniseyskiy,60.3725,93.0408,251.49,100,92,1.73,RU,1706070120
471,muravlenko,63.7898,74.523,260.92,94,100,8.3,RU,1706070120
472,zhezqazghan,47.7833,67.7667,263.47,92,100,3.0,KZ,1706070120
473,fortuna,40.5982,-124.1573,284.34,94,100,0.0,US,1706070120
474,howrah,22.5892,88.3103,292.15,68,40,2.06,IN,1706070120
475,okha,53.5739,142.9478,254.11,85,100,6.3,RU,1706070120
476,ghanzi,-21.5667,21.7833,294.7,61,64,5.85,BW,1706070120
477,enoch,37.7733,-113.0244,276.56,95,100,0.0,US,1706070121
478,bikenibeu village,1.3673,173.1241,305.13,74,40,2.57,KI,1706070121
479,greenville,35.6127,-77.3663,283.24,88,100,0.0,US,1706069931
480,palikir - national government center,6.9248,158.1611,303.62,89,75,5.14,FM,1706070121
481,bengkulu,-3.8004,102.2655,302.81,65,82,2.16,ID,1706070121
482,san felice circeo,41.2372,13.0942,282.78,72,45,2.35,IT,1706070122
483,kodinsk,58.6881,99.1844,259.32,94,100,2.05,RU,1706070122
484,kas,36.2018,29.6377,286.64,77,71,1.45,TR,1706070122
485,kemijarvi,66.7131,27.4306,259.39,97,41,1.24,FI,1706070122
486,cooma,-36.2333,149.1333,300.84,29,60,7.79,AU,1706070122
487,kolonia,50.9333,6.95,287.57,76,100,8.23,DE,1706070006
488,muriti,-1.9833,32.9167,294.36,80,97,3.24,TZ,1706070122
489,champerico,14.3,-91.9167,299.62,73,0,3.06,GT,1706070122
490,zaozersk,69.4005,32.4476,267.28,93,100,2.57,RU,1706070123
491,nogliki,51.8333,143.1667,256.67,95,100,5.81,RU,1706070123
492,haiku-pauwela,20.9219,-156.3051,297.62,75,40,5.14,US,1706070123
493,chui,-33.6971,-53.4616,291.14,74,0,3.49,UY,1706070123
494,madinat ash shamal,26.1293,51.2009,292.3,43,16,4.9,QA,1706070123
495,markapur,15.7333,79.2833,298.31,66,13,3.21,IN,1706070123
496,sretensk,52.2453,117.7093,258.1,85,43,1.04,RU,1706070124
497,monahans,31.5943,-102.8926,283.66,86,94,5.67,US,1706070124
498,hadibu,12.65,54.0333,297.14,68,52,4.95,YE,1706070124
499,le port,-20.9373,55.2919,302.13,85,95,6.84,RE,1706070124
500,surazh,53.0175,32.3918,272.94,98,100,5.0,RU,1706069957
501,medina,24.4686,39.6142,291.39,68,0,1.54,SA,1706070125
502,gunnison,38.7,-107.0673,263.62,95,100,1.09,US,1706070125
503,khanty-mansiysk,61.0042,69.0019,263.21,52,0,6.0,RU,1706070125
504,nevel'sk,46.6733,141.8633,265.57,86,100,12.46,RU,1706070125
505,pangoa,-12.1167,-73.0,294.17,99,99,0.88,PE,1706070125
506,vanino,49.0869,140.2543,259.22,77,100,8.2,RU,1706070126
507,snowflake,34.5134,-110.0785,278.01,92,100,3.51,US,1706069948
508,sajir,25.1825,44.5996,291.33,44,16,4.15,SA,1706070126
509,masterton,-40.9597,175.6575,294.32,51,88,3.52,NZ,1706070126
510,nguigmi,14.2495,13.1092,291.1,36,9,6.59,NE,1706070126
511,diawara,15.022,-12.5437,296.01,18,95,6.67,SN,1706070126
512,strelka,58.0728,93.0344,256.82,97,96,1.29,RU,1706070126
513,rosalie,15.3667,-61.2667,297.8,82,42,9.15,DM,1706070127
514,bandarbeyla,9.4942,50.8122,298.06,70,73,6.46,SO,1706070127
515,barcelos,41.5388,-8.6151,286.99,94,0,1.72,PT,1706070127
516,armacao de buzios,-22.7469,-41.8817,293.18,96,100,2.74,BR,1706070127
517,cangas do morrazo,42.2641,-8.7846,285.79,81,100,2.06,ES,1706070127
518,atar,20.5169,-13.0499,291.4,25,100,10.27,MR,1706070127
519,nakhodka,42.8333,132.8947,258.7,56,91,8.56,RU,1706070127
520,nadi,-17.8,177.4167,301.15,89,75,4.12,FJ,1706070128
521,lucapa,-8.4192,20.7447,292.55,92,100,0.44,AO,1706070128
522,gadzhiyevo,69.2551,33.3362,267.4,95,100,3.4,RU,1706070128
523,xam nua,20.4197,104.0439,283.14,78,99,1.55,LA,1706070128
524,tofol,5.3248,163.0078,303.03,74,75,7.72,FM,1706070128
525,kavaratti,10.5669,72.642,300.16,71,100,4.48,IN,1706070128
526,smithers,54.7804,-127.1743,270.33,93,75,0.0,CA,1706070129
527,livingston,55.9029,-3.5226,282.11,83,75,10.8,GB,1706070129
528,barrouallie,13.2333,-61.2667,298.44,80,27,7.44,VC,1706070129
529,morondava,-20.2833,44.2833,299.03,82,62,5.1,MG,1706070129
530,porto novo,6.4965,2.6036,302.05,84,0,2.15,BJ,1706070129
531,strezhevoy,60.7333,77.5889,259.8,81,99,4.92,RU,1706070130
532,cromwell,41.5951,-72.6454,275.37,94,100,0.0,US,1706070008
533,presque isle,46.6811,-68.0159,255.39,84,0,0.0,US,1706070130
534,spring creek,40.7266,-115.5859,274.43,91,99,1.52,US,1706070130
535,kingaroy,-26.5333,151.8333,301.25,51,87,4.45,AU,1706070130
536,kyzyl,51.7,94.45,243.16,100,76,0.89,RU,1706070130
537,flin flon,54.7682,-101.865,260.91,98,100,0.51,CA,1706070130
538,uige,-7.6087,15.0613,290.63,90,38,0.59,AO,1706070130
539,yarmouth,41.7057,-70.2286,274.8,93,100,3.13,US,1706070131
540,broome,42.2506,-75.833,274.65,96,100,2.57,US,1706070131
541,abtsgmund,48.895,10.0017,283.88,81,100,8.82,DE,1706070131
542,kabinda,-6.1333,24.4833,291.8,92,58,0.58,CD,1706070131
543,phai sali,15.5976,100.6585,295.45,51,99,5.77,TH,1706070131
544,hammerfest,70.6634,23.6821,274.4,80,75,6.17,NO,1706070131
545,piracanjuba,-17.3028,-49.0167,293.63,98,93,1.22,BR,1706070131
546,yuzhno-kurilsk,44.0306,145.8556,271.14,85,100,4.44,RU,1706070132
547,puerto leguizamo,-0.1934,-74.7819,296.78,74,82,0.84,CO,1706070132
548,kuqa,41.7278,82.9364,266.71,61,5,1.31,CN,1706070132
549,jaguaribe,-5.8906,-38.6219,298.27,84,92,3.0,BR,1706070132
550,dolinsk,47.35,142.8,262.44,93,100,10.8,RU,1706070132
551,san felipe,10.3399,-68.7425,296.18,91,92,2.4,VE,1706070133
552,tinogasta,-28.0632,-67.5649,297.28,45,11,2.76,AR,1706070133
553,nyurba,63.2842,118.3319,262.28,86,100,4.32,RU,1706070133
554,tshikapa,-6.4167,20.8,294.93,84,100,0.39,CD,1706069949
555,miri,4.4148,114.0089,304.23,66,40,3.6,MY,1706070133
556,bikin,46.8161,134.26,259.42,86,100,5.56,RU,1706070134
557,mandan,46.8267,-100.8896,269.14,94,100,7.72,US,1706070134
558,tchamba,9.0333,1.4167,296.51,45,3,0.76,TG,1706070134
559,port hedland,-20.3167,118.5667,306.18,62,40,6.17,AU,1706070134
560,mul,20.0667,79.6667,295.39,68,29,2.39,IN,1706070134
561,rongelap,11.1635,166.8941,299.26,77,92,8.66,MH,1706070135
562,al burayqah,30.4062,19.5739,287.61,73,75,10.34,LY,1706070135
563,malabar,-33.9667,151.25,306.88,57,0,8.23,AU,1706070135
564,goya,-29.14,-59.2626,294.69,79,28,2.74,AR,1706070135
565,canasgordas,6.7499,-76.0254,292.1,96,95,0.65,CO,1706070135
566,bonthe,7.5264,-12.505,299.01,87,19,1.02,SL,1706070136
567,tagta,41.6504,59.9164,272.12,80,100,2.06,TM,1706070136
568,emkhomazi,-30.2067,30.7978,292.54,84,100,1.17,ZA,1706070136
569,wanning,18.8003,110.3967,289.9,84,100,6.0,CN,1706070136
